{
  "gps": [
    {
      "longitude": 0.34446843063094124,
      "dimension": 0.495522083600503,
      "coordinate": 0.9731378489482334
    },
    {
      "longitude": 0.9452410489074498,
      "dimension": 0.30704097336726,
      "coordinate": 0.9740144852912236
    },
    {
      "longitude": 0.36033594103635025,
      "dimension": 0.03207019931145827,
      "coordinate": 0.15298454758576663
    }
  ]
}